{
  "ogmoVersion": "3.4.0",
  "width": 640,
  "height": 640,
  "offsetX": 0,
  "offsetY": 0,
  "layers": [
    {
      "name": "Enemies",
      "_eid": "69329249",
      "offsetX": 0,
      "offsetY": 0,
      "gridCellWidth": 32,
      "gridCellHeight": 32,
      "gridCellsX": 20,
      "gridCellsY": 20,
      "entities": [
        {"name": "blueJellyfish", "id": 5, "_eid": "69313024", "x": 544, "y": 32, "originX": 0, "originY": 0},
        {"name": "blueJellyfish", "id": 6, "_eid": "69313024", "x": 64, "y": 576, "originX": 0, "originY": 0},
        {"name": "blueJellyfish", "id": 7, "_eid": "69313024", "x": 544, "y": 576, "originX": 0, "originY": 0},
        {"name": "redJellyfishV", "id": 8, "_eid": "69826549", "x": 288, "y": 160, "originX": 0, "originY": 0},
        {"name": "redJellyfishH", "id": 10, "_eid": "69826071", "x": 96, "y": 288, "originX": 0, "originY": 0},
        {"name": "redJellyfishH", "id": 11, "_eid": "69826071", "x": 480, "y": 256, "originX": 0, "originY": 0},
        {"name": "blueJellyfish", "id": 12, "_eid": "69313024", "x": 64, "y": 32, "originX": 0, "originY": 0}
      ]
    },
    {
      "name": "Gems",
      "_eid": "82784887",
      "offsetX": 0,
      "offsetY": 0,
      "gridCellWidth": 32,
      "gridCellHeight": 32,
      "gridCellsX": 20,
      "gridCellsY": 20,
      "entities": [
        {"name": "gem", "id": 0, "_eid": "82797831", "x": 416, "y": 64, "originX": 0, "originY": 0},
        {"name": "gem", "id": 1, "_eid": "82797831", "x": 64, "y": 160, "originX": 0, "originY": 0},
        {"name": "gem", "id": 2, "_eid": "82797831", "x": 192, "y": 512, "originX": 0, "originY": 0},
        {"name": "gem", "id": 6, "_eid": "82797831", "x": 416, "y": 512, "originX": 0, "originY": 0},
        {"name": "gem", "id": 7, "_eid": "82797831", "x": 160, "y": 96, "originX": 0, "originY": 0},
        {"name": "gem", "id": 8, "_eid": "82797831", "x": 480, "y": 192, "originX": 0, "originY": 0},
        {"name": "gem", "id": 9, "_eid": "82797831", "x": 544, "y": 416, "originX": 0, "originY": 0},
        {"name": "gem", "id": 10, "_eid": "82797831", "x": 128, "y": 416, "originX": 0, "originY": 0}
      ]
    },
    {
      "name": "Tiles",
      "_eid": "69286520",
      "offsetX": 0,
      "offsetY": 0,
      "gridCellWidth": 32,
      "gridCellHeight": 32,
      "gridCellsX": 20,
      "gridCellsY": 20,
      "tileset": "tiles",
      "data": [-1, -1, -1, -1, -1, -1, 10, 1, 3, 1, 1, 19, 1, 12, -1, -1, -1, -1, -1, -1, -1, -1, -1, -1, -1, -1, 15, 9, 1, 1, 4, 1, 8, 17, -1, -1, -1, -1, -1, -1, -1, -1, -1, -1, -1, -1, -1, 15, 16, 16, 16, 16, 17, -1, -1, -1, -1, -1, -1, -1, -1, -1, -1, -1, -1, -1, -1, -1, -1, -1, -1, -1, -1, -1, -1, -1, -1, -1, 5, 6, -1, -1, -1, -1, -1, -1, -1, -1, -1, -1, -1, -1, -1, -1, -1, -1, -1, -1, 10, 1, -1, -1, -1, -1, -1, -1, -1, -1, -1, -1, -1, -1, -1, -1, -1, -1, -1, 5, 14, 4, -1, -1, -1, -1, -1, -1, -1, 5, 6, 6, 6, 7, -1, -1, -1, -1, -1, 10, 1, 1, 6, 7, -1, -1, -1, -1, 5, 14, 1, 1, 4, 13, 7, -1, -1, -1, -1, 10, 3, 1, 1, 12, -1, -1, -1, -1, 10, 1, 19, 1, 1, 1, 12, -1, -1, -1, -1, 10, 1, 19, 1, 13, 7, -1, -1, -1, 10, 1, 1, 3, 19, 1, 12, -1, -1, -1, -1, 10, 1, 1, 1, 1, 12, -1, -1, -1, 10, 1, 19, 1, 1, 8, 17, -1, -1, -1, -1, 15, 16, 16, 3, 1, 12, -1, -1, -1, 15, 9, 1, 1, 1, 12, -1, -1, -1, -1, -1, -1, -1, -1, 1, 1, 12, -1, -1, -1, -1, 15, 16, 16, 16, 17, -1, -1, -1, -1, -1, -1, -1, -1, 1, 19, 12, -1, -1, -1, -1, -1, -1, -1, -1, -1, -1, -1, -1, -1, -1, -1, -1, -1, 1, 1, 12, -1, -1, -1, -1, -1, -1, -1, -1, -1, -1, -1, -1, -1, -1, -1, -1, -1, 1, 8, 17, -1, -1, -1, -1, -1, -1, -1, -1, -1, -1, -1, -1, -1, -1, -1, -1, -1, 16, 17, -1, -1, -1, -1, -1, -1, -1, -1, -1, -1, -1, -1, -1, -1, -1, -1, -1, -1, -1, -1, -1, -1, -1, -1, -1, -1, 5, 6, 6, 6, 7, -1, -1, -1, -1, -1, -1, -1, -1, -1, -1, -1, -1, -1, 5, 6, 14, 1, 1, 1, 13, 6, 7, -1, -1, -1, -1, -1, -1, -1, -1, -1, -1, -1, 10, 1, 1, 19, 1, 1, 3, 1, 12, -1, -1, -1, -1, -1],
      "exportMode": 0,
      "arrayMode": 0
    }
  ]
}