{
  "ogmoVersion": "3.4.0",
  "width": 640,
  "height": 640,
  "offsetX": 0,
  "offsetY": 0,
  "layers": [
    {
      "name": "Enemies",
      "_eid": "69329249",
      "offsetX": 0,
      "offsetY": 0,
      "gridCellWidth": 32,
      "gridCellHeight": 32,
      "gridCellsX": 20,
      "gridCellsY": 20,
      "entities": [
        {"name": "stillJellyfish", "id": 2, "_eid": "13887546", "x": 96, "y": 384, "originX": 0, "originY": 0},
        {"name": "stillJellyfish", "id": 22, "_eid": "13887546", "x": 96, "y": 352, "originX": 0, "originY": 0},
        {"name": "stillJellyfish", "id": 31, "_eid": "13887546", "x": 256, "y": 448, "originX": 0, "originY": 0},
        {"name": "stillJellyfish", "id": 32, "_eid": "13887546", "x": 512, "y": 320, "originX": 0, "originY": 0},
        {"name": "stillJellyfish", "id": 33, "_eid": "13887546", "x": 512, "y": 288, "originX": 0, "originY": 0},
        {"name": "stillJellyfish", "id": 34, "_eid": "13887546", "x": 512, "y": 256, "originX": 0, "originY": 0},
        {"name": "stillJellyfish", "id": 35, "_eid": "13887546", "x": 512, "y": 224, "originX": 0, "originY": 0},
        {"name": "stillJellyfish", "id": 38, "_eid": "13887546", "x": 512, "y": 352, "originX": 0, "originY": 0},
        {"name": "stillJellyfish", "id": 39, "_eid": "13887546", "x": 512, "y": 384, "originX": 0, "originY": 0},
        {"name": "stillJellyfish", "id": 40, "_eid": "13887546", "x": 512, "y": 416, "originX": 0, "originY": 0},
        {"name": "stillJellyfish", "id": 41, "_eid": "13887546", "x": 512, "y": 448, "originX": 0, "originY": 0},
        {"name": "stillJellyfish", "id": 42, "_eid": "13887546", "x": 512, "y": 480, "originX": 0, "originY": 0},
        {"name": "stillJellyfish", "id": 43, "_eid": "13887546", "x": 512, "y": 512, "originX": 0, "originY": 0},
        {"name": "stillJellyfish", "id": 44, "_eid": "13887546", "x": 96, "y": 320, "originX": 0, "originY": 0},
        {"name": "stillJellyfish", "id": 45, "_eid": "13887546", "x": 96, "y": 288, "originX": 0, "originY": 0},
        {"name": "stillJellyfish", "id": 46, "_eid": "13887546", "x": 96, "y": 256, "originX": 0, "originY": 0},
        {"name": "stillJellyfish", "id": 47, "_eid": "13887546", "x": 96, "y": 192, "originX": 0, "originY": 0},
        {"name": "stillJellyfish", "id": 48, "_eid": "13887546", "x": 96, "y": 160, "originX": 0, "originY": 0},
        {"name": "stillJellyfish", "id": 49, "_eid": "13887546", "x": 96, "y": 224, "originX": 0, "originY": 0},
        {"name": "stillJellyfish", "id": 53, "_eid": "13887546", "x": 128, "y": 544, "originX": 0, "originY": 0},
        {"name": "stillJellyfish", "id": 54, "_eid": "13887546", "x": 160, "y": 544, "originX": 0, "originY": 0},
        {"name": "stillJellyfish", "id": 55, "_eid": "13887546", "x": 192, "y": 544, "originX": 0, "originY": 0},
        {"name": "stillJellyfish", "id": 56, "_eid": "13887546", "x": 224, "y": 576, "originX": 0, "originY": 0},
        {"name": "stillJellyfish", "id": 57, "_eid": "13887546", "x": 256, "y": 576, "originX": 0, "originY": 0},
        {"name": "stillJellyfish", "id": 58, "_eid": "13887546", "x": 288, "y": 576, "originX": 0, "originY": 0},
        {"name": "stillJellyfish", "id": 59, "_eid": "13887546", "x": 320, "y": 576, "originX": 0, "originY": 0},
        {"name": "stillJellyfish", "id": 60, "_eid": "13887546", "x": 352, "y": 576, "originX": 0, "originY": 0},
        {"name": "stillJellyfish", "id": 61, "_eid": "13887546", "x": 384, "y": 576, "originX": 0, "originY": 0},
        {"name": "stillJellyfish", "id": 62, "_eid": "13887546", "x": 416, "y": 576, "originX": 0, "originY": 0},
        {"name": "stillJellyfish", "id": 63, "_eid": "13887546", "x": 448, "y": 544, "originX": 0, "originY": 0},
        {"name": "stillJellyfish", "id": 64, "_eid": "13887546", "x": 480, "y": 544, "originX": 0, "originY": 0},
        {"name": "stillJellyfish", "id": 65, "_eid": "13887546", "x": 512, "y": 544, "originX": 0, "originY": 0},
        {"name": "stillJellyfish", "id": 66, "_eid": "13887546", "x": 448, "y": 576, "originX": 0, "originY": 0},
        {"name": "stillJellyfish", "id": 67, "_eid": "13887546", "x": 192, "y": 576, "originX": 0, "originY": 0},
        {"name": "stillJellyfish", "id": 68, "_eid": "13887546", "x": 288, "y": 448, "originX": 0, "originY": 0},
        {"name": "stillJellyfish", "id": 69, "_eid": "13887546", "x": 320, "y": 448, "originX": 0, "originY": 0},
        {"name": "stillJellyfish", "id": 70, "_eid": "13887546", "x": 352, "y": 448, "originX": 0, "originY": 0},
        {"name": "stillJellyfish", "id": 71, "_eid": "13887546", "x": 96, "y": 128, "originX": 0, "originY": 0},
        {"name": "stillJellyfish", "id": 72, "_eid": "13887546", "x": 96, "y": 96, "originX": 0, "originY": 0},
        {"name": "stillJellyfish", "id": 73, "_eid": "13887546", "x": 96, "y": 64, "originX": 0, "originY": 0},
        {"name": "stillJellyfish", "id": 74, "_eid": "13887546", "x": 128, "y": 64, "originX": 0, "originY": 0},
        {"name": "stillJellyfish", "id": 75, "_eid": "13887546", "x": 128, "y": 32, "originX": 0, "originY": 0},
        {"name": "stillJellyfish", "id": 76, "_eid": "13887546", "x": 160, "y": 32, "originX": 0, "originY": 0},
        {"name": "stillJellyfish", "id": 77, "_eid": "13887546", "x": 192, "y": 32, "originX": 0, "originY": 0},
        {"name": "stillJellyfish", "id": 78, "_eid": "13887546", "x": 224, "y": 32, "originX": 0, "originY": 0},
        {"name": "stillJellyfish", "id": 79, "_eid": "13887546", "x": 256, "y": 32, "originX": 0, "originY": 0},
        {"name": "stillJellyfish", "id": 80, "_eid": "13887546", "x": 320, "y": 32, "originX": 0, "originY": 0},
        {"name": "stillJellyfish", "id": 81, "_eid": "13887546", "x": 288, "y": 32, "originX": 0, "originY": 0},
        {"name": "stillJellyfish", "id": 82, "_eid": "13887546", "x": 352, "y": 32, "originX": 0, "originY": 0},
        {"name": "stillJellyfish", "id": 83, "_eid": "13887546", "x": 384, "y": 32, "originX": 0, "originY": 0},
        {"name": "stillJellyfish", "id": 84, "_eid": "13887546", "x": 416, "y": 32, "originX": 0, "originY": 0},
        {"name": "stillJellyfish", "id": 85, "_eid": "13887546", "x": 480, "y": 32, "originX": 0, "originY": 0},
        {"name": "stillJellyfish", "id": 86, "_eid": "13887546", "x": 448, "y": 32, "originX": 0, "originY": 0},
        {"name": "stillJellyfish", "id": 87, "_eid": "13887546", "x": 480, "y": 64, "originX": 0, "originY": 0},
        {"name": "stillJellyfish", "id": 88, "_eid": "13887546", "x": 480, "y": 96, "originX": 0, "originY": 0},
        {"name": "stillJellyfish", "id": 89, "_eid": "13887546", "x": 512, "y": 96, "originX": 0, "originY": 0},
        {"name": "stillJellyfish", "id": 90, "_eid": "13887546", "x": 512, "y": 128, "originX": 0, "originY": 0},
        {"name": "stillJellyfish", "id": 91, "_eid": "13887546", "x": 384, "y": 448, "originX": 0, "originY": 0},
        {"name": "stillJellyfish", "id": 92, "_eid": "13887546", "x": 416, "y": 448, "originX": 0, "originY": 0},
        {"name": "stillJellyfish", "id": 93, "_eid": "13887546", "x": 416, "y": 416, "originX": 0, "originY": 0},
        {"name": "stillJellyfish", "id": 94, "_eid": "13887546", "x": 416, "y": 384, "originX": 0, "originY": 0},
        {"name": "stillJellyfish", "id": 95, "_eid": "13887546", "x": 416, "y": 320, "originX": 0, "originY": 0},
        {"name": "stillJellyfish", "id": 96, "_eid": "13887546", "x": 416, "y": 352, "originX": 0, "originY": 0},
        {"name": "stillJellyfish", "id": 100, "_eid": "13887546", "x": 416, "y": 192, "originX": 0, "originY": 0},
        {"name": "stillJellyfish", "id": 101, "_eid": "13887546", "x": 384, "y": 192, "originX": 0, "originY": 0},
        {"name": "stillJellyfish", "id": 102, "_eid": "13887546", "x": 384, "y": 160, "originX": 0, "originY": 0},
        {"name": "stillJellyfish", "id": 103, "_eid": "13887546", "x": 384, "y": 128, "originX": 0, "originY": 0},
        {"name": "stillJellyfish", "id": 104, "_eid": "13887546", "x": 352, "y": 128, "originX": 0, "originY": 0},
        {"name": "stillJellyfish", "id": 105, "_eid": "13887546", "x": 320, "y": 128, "originX": 0, "originY": 0},
        {"name": "stillJellyfish", "id": 106, "_eid": "13887546", "x": 288, "y": 128, "originX": 0, "originY": 0},
        {"name": "stillJellyfish", "id": 107, "_eid": "13887546", "x": 256, "y": 128, "originX": 0, "originY": 0},
        {"name": "stillJellyfish", "id": 108, "_eid": "13887546", "x": 224, "y": 128, "originX": 0, "originY": 0},
        {"name": "stillJellyfish", "id": 113, "_eid": "13887546", "x": 96, "y": 544, "originX": 0, "originY": 0},
        {"name": "stillJellyfish", "id": 114, "_eid": "13887546", "x": 224, "y": 448, "originX": 0, "originY": 0},
        {"name": "stillJellyfish", "id": 115, "_eid": "13887546", "x": 192, "y": 448, "originX": 0, "originY": 0},
        {"name": "stillJellyfish", "id": 116, "_eid": "13887546", "x": 224, "y": 160, "originX": 0, "originY": 0},
        {"name": "stillJellyfish", "id": 117, "_eid": "13887546", "x": 192, "y": 160, "originX": 0, "originY": 0},
        {"name": "stillJellyfish", "id": 118, "_eid": "13887546", "x": 192, "y": 192, "originX": 0, "originY": 0},
        {"name": "stillJellyfish", "id": 119, "_eid": "13887546", "x": 192, "y": 224, "originX": 0, "originY": 0},
        {"name": "stillJellyfish", "id": 120, "_eid": "13887546", "x": 192, "y": 288, "originX": 0, "originY": 0},
        {"name": "stillJellyfish", "id": 121, "_eid": "13887546", "x": 192, "y": 256, "originX": 0, "originY": 0},
        {"name": "stillJellyfish", "id": 122, "_eid": "13887546", "x": 192, "y": 320, "originX": 0, "originY": 0},
        {"name": "stillJellyfish", "id": 123, "_eid": "13887546", "x": 192, "y": 352, "originX": 0, "originY": 0},
        {"name": "stillJellyfish", "id": 127, "_eid": "13887546", "x": 416, "y": 288, "originX": 0, "originY": 0},
        {"name": "stillJellyfish", "id": 128, "_eid": "13887546", "x": 288, "y": 256, "originX": 0, "originY": 0},
        {"name": "stillJellyfish", "id": 129, "_eid": "13887546", "x": 288, "y": 288, "originX": 0, "originY": 0},
        {"name": "stillJellyfish", "id": 130, "_eid": "13887546", "x": 288, "y": 352, "originX": 0, "originY": 0},
        {"name": "stillJellyfish", "id": 131, "_eid": "13887546", "x": 288, "y": 320, "originX": 0, "originY": 0},
        {"name": "stillJellyfish", "id": 132, "_eid": "13887546", "x": 320, "y": 352, "originX": 0, "originY": 0},
        {"name": "stillJellyfish", "id": 133, "_eid": "13887546", "x": 320, "y": 320, "originX": 0, "originY": 0},
        {"name": "stillJellyfish", "id": 134, "_eid": "13887546", "x": 320, "y": 288, "originX": 0, "originY": 0},
        {"name": "stillJellyfish", "id": 135, "_eid": "13887546", "x": 320, "y": 256, "originX": 0, "originY": 0},
        {"name": "blueJellyfish", "id": 136, "_eid": "69313024", "x": 32, "y": 320, "originX": 0, "originY": 0},
        {"name": "blueJellyfish", "id": 137, "_eid": "69313024", "x": 576, "y": 320, "originX": 0, "originY": 0},
        {"name": "redJellyfishH", "id": 138, "_eid": "69826071", "x": 576, "y": 192, "originX": 0, "originY": 0},
        {"name": "redJellyfishH", "id": 139, "_eid": "69826071", "x": 128, "y": 416, "originX": 0, "originY": 0},
        {"name": "redJellyfishV", "id": 140, "_eid": "69826549", "x": 160, "y": 0, "originX": 0, "originY": 0},
        {"name": "redJellyfishV", "id": 141, "_eid": "69826549", "x": 448, "y": 512, "originX": 0, "originY": 0},
        {"name": "stillJellyfish", "id": 142, "_eid": "13887546", "x": 96, "y": 480, "originX": 0, "originY": 0},
        {"name": "stillJellyfish", "id": 143, "_eid": "13887546", "x": 96, "y": 512, "originX": 0, "originY": 0}
      ]
    },
    {
      "name": "Gems",
      "_eid": "82784887",
      "offsetX": 0,
      "offsetY": 0,
      "gridCellWidth": 32,
      "gridCellHeight": 32,
      "gridCellsX": 20,
      "gridCellsY": 20,
      "entities": [
        {"name": "gem", "id": 0, "_eid": "82797831", "x": 256, "y": 384, "originX": 0, "originY": 0},
        {"name": "gem", "id": 1, "_eid": "82797831", "x": 352, "y": 256, "originX": 0, "originY": 0},
        {"name": "gem", "id": 2, "_eid": "82797831", "x": 224, "y": 224, "originX": 0, "originY": 0},
        {"name": "gem", "id": 3, "_eid": "82797831", "x": 288, "y": 96, "originX": 0, "originY": 0},
        {"name": "gem", "id": 4, "_eid": "82797831", "x": 128, "y": 160, "originX": 0, "originY": 0},
        {"name": "gem", "id": 5, "_eid": "82797831", "x": 480, "y": 256, "originX": 0, "originY": 0},
        {"name": "gem", "id": 6, "_eid": "82797831", "x": 480, "y": 384, "originX": 0, "originY": 0},
        {"name": "gem", "id": 8, "_eid": "82797831", "x": 160, "y": 512, "originX": 0, "originY": 0},
        {"name": "gem", "id": 9, "_eid": "82797831", "x": 0, "y": 192, "originX": 0, "originY": 0},
        {"name": "gem", "id": 10, "_eid": "82797831", "x": 32, "y": 480, "originX": 0, "originY": 0},
        {"name": "gem", "id": 11, "_eid": "82797831", "x": 576, "y": 448, "originX": 0, "originY": 0},
        {"name": "gem", "id": 12, "_eid": "82797831", "x": 608, "y": 160, "originX": 0, "originY": 0},
        {"name": "gem", "id": 13, "_eid": "82797831", "x": 384, "y": 480, "originX": 0, "originY": 0}
      ]
    },
    {
      "name": "Tiles",
      "_eid": "69286520",
      "offsetX": 0,
      "offsetY": 0,
      "gridCellWidth": 32,
      "gridCellHeight": 32,
      "gridCellsX": 20,
      "gridCellsY": 20,
      "tileset": "tiles",
      "data": [18, 2, 18, -1, -1, -1, -1, -1, -1, -1, -1, -1, -1, -1, -1, -1, -1, 18, 2, 18, 2, 18, -1, -1, -1, -1, -1, -1, -1, -1, -1, -1, -1, -1, -1, -1, -1, 18, 18, 18, 18, 2, -1, -1, -1, -1, -1, -1, -1, -1, -1, -1, -1, -1, -1, -1, -1, -1, 2, 18, 18, -1, -1, -1, -1, -1, -1, -1, -1, -1, -1, -1, -1, -1, -1, -1, -1, -1, 18, 2, 2, -1, -1, -1, -1, -1, -1, -1, -1, -1, -1, -1, -1, -1, -1, -1, -1, -1, -1, -1, -1, -1, -1, -1, -1, -1, -1, -1, -1, -1, -1, -1, -1, -1, -1, -1, -1, -1, -1, -1, -1, -1, -1, -1, -1, -1, -1, -1, -1, -1, -1, -1, -1, -1, -1, -1, -1, -1, -1, -1, -1, -1, -1, -1, -1, -1, -1, -1, -1, -1, -1, -1, -1, -1, -1, -1, -1, -1, -1, -1, -1, -1, -1, -1, -1, -1, -1, -1, -1, -1, -1, -1, -1, -1, -1, -1, -1, -1, -1, -1, -1, -1, -1, -1, -1, -1, -1, -1, -1, -1, -1, -1, -1, -1, -1, -1, -1, -1, -1, -1, -1, -1, -1, -1, -1, -1, -1, -1, -1, -1, -1, -1, -1, -1, -1, -1, -1, -1, -1, -1, -1, -1, -1, -1, -1, -1, -1, -1, -1, -1, -1, -1, -1, -1, -1, -1, -1, -1, -1, -1, -1, -1, -1, -1, -1, -1, -1, -1, -1, -1, -1, -1, -1, -1, -1, -1, -1, -1, -1, -1, -1, -1, -1, -1, -1, -1, -1, -1, -1, -1, -1, -1, -1, -1, -1, -1, -1, -1, -1, -1, 18, -1, -1, -1, -1, -1, -1, -1, -1, -1, -1, -1, -1, -1, -1, -1, -1, -1, -1, -1, 18, -1, -1, -1, -1, -1, -1, -1, -1, -1, -1, -1, -1, -1, -1, -1, -1, -1, -1, -1, 2, -1, -1, -1, -1, -1, -1, -1, -1, -1, -1, -1, -1, -1, -1, -1, -1, -1, -1, 18, 18, 2, -1, -1, -1, -1, -1, -1, -1, -1, -1, -1, -1, -1, -1, -1, -1, -1, -1, 2, 18, 18, 18, -1, -1, -1, -1, -1, -1, -1, -1, -1, -1, -1, -1, -1, -1, -1, 2, 18, 18, 2, 18, 18, -1, -1, -1, -1, -1, -1, -1, -1, -1, -1, -1, -1, -1, 2, 18, 2],
      "exportMode": 0,
      "arrayMode": 0
    }
  ]
}