{
  "ogmoVersion": "3.4.0",
  "width": 640,
  "height": 640,
  "offsetX": 0,
  "offsetY": 0,
  "layers": [
    {
      "name": "Enemies",
      "_eid": "69329249",
      "offsetX": 0,
      "offsetY": 0,
      "gridCellWidth": 32,
      "gridCellHeight": 32,
      "gridCellsX": 20,
      "gridCellsY": 20,
      "entities": [
        {"name": "bossJellyfish", "id": 9, "_eid": "19792099", "x": 480, "y": 320, "originX": 0, "originY": 0},
        {"name": "bossJellyfish", "id": 15, "_eid": "19792099", "x": 128, "y": 320, "originX": 0, "originY": 0},
        {"name": "bossJellyfish", "id": 18, "_eid": "19792099", "x": 320, "y": 128, "originX": 0, "originY": 0}
      ]
    },
    {
      "name": "Gems",
      "_eid": "82784887",
      "offsetX": 0,
      "offsetY": 0,
      "gridCellWidth": 32,
      "gridCellHeight": 32,
      "gridCellsX": 20,
      "gridCellsY": 20,
      "entities": [
        {"name": "gem", "id": 11, "_eid": "82797831", "x": 128, "y": 192, "originX": 0, "originY": 0},
        {"name": "gem", "id": 12, "_eid": "82797831", "x": 192, "y": 128, "originX": 0, "originY": 0},
        {"name": "gem", "id": 13, "_eid": "82797831", "x": 256, "y": 256, "originX": 0, "originY": 0},
        {"name": "gem", "id": 14, "_eid": "82797831", "x": 288, "y": 384, "originX": 0, "originY": 0},
        {"name": "gem", "id": 15, "_eid": "82797831", "x": 416, "y": 160, "originX": 0, "originY": 0},
        {"name": "gem", "id": 16, "_eid": "82797831", "x": 384, "y": 288, "originX": 0, "originY": 0},
        {"name": "gem", "id": 17, "_eid": "82797831", "x": 480, "y": 224, "originX": 0, "originY": 0},
        {"name": "gem", "id": 18, "_eid": "82797831", "x": 512, "y": 448, "originX": 0, "originY": 0},
        {"name": "gem", "id": 19, "_eid": "82797831", "x": 160, "y": 416, "originX": 0, "originY": 0},
        {"name": "gem", "id": 20, "_eid": "82797831", "x": 192, "y": 512, "originX": 0, "originY": 0},
        {"name": "gem", "id": 21, "_eid": "82797831", "x": 448, "y": 512, "originX": 0, "originY": 0}
      ]
    },
    {
      "name": "Tiles",
      "_eid": "69286520",
      "offsetX": 0,
      "offsetY": 0,
      "gridCellWidth": 32,
      "gridCellHeight": 32,
      "gridCellsX": 20,
      "gridCellsY": 20,
      "tileset": "tiles",
      "data": [1, 1, 1, 1, 1, 1, 1, 1, 4, 1, 1, 12, 18, -1, 10, 1, 4, 1, 1, 1, 1, 1, 1, 3, 1, 19, 1, 1, 1, 1, 1, 12, -1, 2, 15, 9, 1, 1, 19, 1, 1, 1, 1, 1, 1, 8, 16, 9, 1, 1, 8, 17, 2, 18, 18, 10, 1, 1, 1, 1, 3, 1, 1, 8, 16, 17, -1, 15, 16, 16, 17, 18, -1, 18, -1, 15, 9, 1, 1, 3, 1, 19, 1, 12, -1, -1, -1, -1, -1, -1, -1, -1, -1, -1, -1, -1, 15, 9, 1, 1, 1, 1, 1, 12, -1, -1, -1, -1, -1, -1, -1, -1, -1, -1, -1, -1, 18, 15, 16, 16, 1, 1, 8, 17, -1, -1, -1, -1, -1, -1, -1, -1, -1, -1, -1, -1, -1, -1, 2, 18, 16, 16, 17, -1, -1, -1, -1, -1, -1, -1, -1, -1, -1, -1, -1, -1, -1, 5, 6, 6, 18, -1, 2, -1, -1, -1, -1, -1, -1, -1, -1, -1, -1, -1, -1, -1, 5, 14, 1, 1, 2, 18, -1, -1, -1, -1, -1, -1, -1, -1, -1, -1, -1, -1, -1, -1, 10, 1, 1, 1, 6, 6, 6, 7, -1, -1, -1, -1, -1, -1, -1, -1, -1, -1, -1, -1, 10, 1, 3, 1, 1, 1, 1, 12, -1, -1, -1, -1, -1, -1, -1, -1, -1, -1, -1, -1, 10, 1, 1, 1, 19, 1, 1, 12, -1, -1, -1, -1, -1, -1, -1, -1, -1, -1, -1, -1, 15, 9, 1, 1, 1, 1, 1, 12, -1, -1, -1, -1, -1, -1, -1, -1, -1, -1, -1, -1, -1, 10, 1, 1, 1, 1, 1, 13, 7, -1, -1, -1, -1, -1, -1, -1, -1, -1, -1, -1, -1, 10, 1, 4, 1, 1, 1, 1, 12, -1, -1, -1, -1, -1, -1, -1, -1, -1, -1, -1, -1, 10, 1, 1, 1, 1, 19, 1, 12, -1, -1, -1, -1, -1, -1, -1, -1, -1, -1, -1, 5, 14, 1, 1, 1, 3, 1, 1, 13, 6, 7, -1, 18, -1, 5, 6, 6, 6, 6, 6, 14, 1, 1, 1, 1, 1, 1, 1, 1, 1, 12, 2, -1, 5, 14, 1, 1, 1, 1, 1, 1, 1, 19, 1, 1, 1, 1, 4, 1, 1, 12, -1, 2, 10, 1, 1, 4, 1, 19, 1, 1, 1, 1, 1],
      "exportMode": 0,
      "arrayMode": 0
    }
  ]
}