{
  "ogmoVersion": "3.4.0",
  "width": 640,
  "height": 640,
  "offsetX": 0,
  "offsetY": 0,
  "layers": [
    {
      "name": "Enemies",
      "_eid": "69329249",
      "offsetX": 0,
      "offsetY": 0,
      "gridCellWidth": 32,
      "gridCellHeight": 32,
      "gridCellsX": 20,
      "gridCellsY": 20,
      "entities": [
        {"name": "redJellyfishH", "id": 0, "_eid": "69826071", "x": 224, "y": 256, "originX": 0, "originY": 0},
        {"name": "redJellyfishH", "id": 1, "_eid": "69826071", "x": 352, "y": 160, "originX": 0, "originY": 0},
        {"name": "redJellyfishH", "id": 2, "_eid": "69826071", "x": 384, "y": 448, "originX": 0, "originY": 0},
        {"name": "redJellyfishV", "id": 8, "_eid": "69826549", "x": 64, "y": 32, "originX": 0, "originY": 0},
        {"name": "redJellyfishV", "id": 9, "_eid": "69826549", "x": 224, "y": 448, "originX": 0, "originY": 0},
        {"name": "redJellyfishV", "id": 10, "_eid": "69826549", "x": 544, "y": 608, "originX": 0, "originY": 0},
        {"name": "redJellyfishV", "id": 11, "_eid": "69826549", "x": 384, "y": 64, "originX": 0, "originY": 0}
      ]
    },
    {
      "name": "Gems",
      "_eid": "82784887",
      "offsetX": 0,
      "offsetY": 0,
      "gridCellWidth": 32,
      "gridCellHeight": 32,
      "gridCellsX": 20,
      "gridCellsY": 20,
      "entities": [
        {"name": "gem", "id": 0, "_eid": "82797831", "x": 0, "y": 160, "originX": 0, "originY": 0},
        {"name": "gem", "id": 1, "_eid": "82797831", "x": 608, "y": 544, "originX": 0, "originY": 0},
        {"name": "gem", "id": 2, "_eid": "82797831", "x": 224, "y": 384, "originX": 0, "originY": 0},
        {"name": "gem", "id": 3, "_eid": "82797831", "x": 384, "y": 288, "originX": 0, "originY": 0},
        {"name": "gem", "id": 7, "_eid": "82797831", "x": 608, "y": 96, "originX": 0, "originY": 0},
        {"name": "gem", "id": 8, "_eid": "82797831", "x": 0, "y": 480, "originX": 0, "originY": 0}
      ]
    },
    {
      "name": "Tiles",
      "_eid": "69286520",
      "offsetX": 0,
      "offsetY": 0,
      "gridCellWidth": 32,
      "gridCellHeight": 32,
      "gridCellsX": 20,
      "gridCellsY": 20,
      "tileset": "tiles",
      "data": [4, 1, 12, 10, 1, 1, 12, -1, 10, 1, 3, 12, -1, 10, 1, 1, 12, 5, 14, 1, 1, 1, 12, 10, 19, 1, 12, 2, 10, 1, 8, 17, -1, 10, 1, 3, 12, 10, 1, 1, 1, 8, 17, 10, 1, 1, 12, -1, 15, 16, 17, -1, -1, 10, 1, 1, 12, 15, 16, 16, 1, 12, -1, 10, 1, 4, 12, -1, -1, -1, -1, -1, -1, 15, 9, 1, 12, -1, -1, -1, 16, 17, -1, 15, 9, 1, 12, -1, 5, 6, 7, -1, -1, 18, 15, 16, 17, -1, 5, 6, -1, -1, -1, 2, 10, 1, 12, -1, 10, 1, 12, -1, -1, -1, -1, -1, -1, -1, 10, 1, 6, 7, -1, -1, 15, 16, 17, -1, 10, 1, 12, -1, -1, 5, 6, 6, 7, -1, 10, 1, 1, 12, -1, -1, -1, -1, -1, -1, 10, 1, 13, 7, -1, 10, 1, 1, 12, -1, 10, 1, 1, 12, -1, -1, -1, -1, -1, -1, 10, 1, 4, 12, -1, 10, 1, 19, 12, -1, 10, 4, 19, 12, -1, 5, 6, 7, -1, -1, 10, 19, 1, 12, -1, 10, 1, 1, 12, -1, 10, 1, 1, 12, -1, 10, 1, 13, 7, -1, 10, 1, 1, 12, -1, 15, 9, 1, 12, -1, 10, 1, 1, 12, -1, 10, 1, 1, 12, -1, 10, 1, 3, 12, -1, -1, 10, 3, 12, -1, 15, 16, 1, 12, -1, 15, 9, 4, 12, -1, 10, 1, 1, 12, -1, -1, 10, 1, 12, -1, -1, 18, 1, 12, -1, 5, 14, 1, 12, -1, 15, 9, 1, 12, -1, -1, 15, 16, 17, -1, 5, 6, 16, 17, -1, 10, 1, 1, 12, -1, -1, 10, 1, 12, -1, -1, -1, -1, -1, -1, 10, 1, -1, -1, -1, 10, 1, 8, 17, -1, -1, 15, 16, 17, -1, -1, -1, -1, -1, -1, 10, 1, 6, 7, -1, 10, 1, 12, 18, -1, -1, -1, -1, -1, -1, -1, 5, 6, 7, -1, 15, 16, 1, 13, 7, 10, 1, 13, 7, -1, 5, 6, 6, 7, 2, -1, 10, 1, 12, -1, -1, -1, 3, 1, 12, 10, 19, 1, 12, -1, 10, 1, 1, 12, -1, 5, 14, 1, 12, 5, 6, 6, 1, 1, 12, 10, 1, 1, 12, -1, 10, 1, 4, 12, -1, 10, 1, 19, 12, 10, 1, 1],
      "exportMode": 0,
      "arrayMode": 0
    }
  ]
}