{
  "ogmoVersion": "3.4.0",
  "width": 640,
  "height": 640,
  "offsetX": 0,
  "offsetY": 0,
  "layers": [
    {
      "name": "Enemies",
      "_eid": "69329249",
      "offsetX": 0,
      "offsetY": 0,
      "gridCellWidth": 32,
      "gridCellHeight": 32,
      "gridCellsX": 20,
      "gridCellsY": 20,
      "entities": []
    },
    {
      "name": "Gems",
      "_eid": "82784887",
      "offsetX": 0,
      "offsetY": 0,
      "gridCellWidth": 32,
      "gridCellHeight": 32,
      "gridCellsX": 20,
      "gridCellsY": 20,
      "entities": [
        {"name": "gem", "id": 159, "_eid": "82797831", "x": 224, "y": 160, "originX": 0, "originY": 0},
        {"name": "gem", "id": 160, "_eid": "82797831", "x": 192, "y": 160, "originX": 0, "originY": 0},
        {"name": "gem", "id": 161, "_eid": "82797831", "x": 224, "y": 192, "originX": 0, "originY": 0},
        {"name": "gem", "id": 162, "_eid": "82797831", "x": 224, "y": 128, "originX": 0, "originY": 0},
        {"name": "gem", "id": 163, "_eid": "82797831", "x": 256, "y": 96, "originX": 0, "originY": 0},
        {"name": "gem", "id": 164, "_eid": "82797831", "x": 288, "y": 96, "originX": 0, "originY": 0},
        {"name": "gem", "id": 165, "_eid": "82797831", "x": 320, "y": 96, "originX": 0, "originY": 0},
        {"name": "gem", "id": 166, "_eid": "82797831", "x": 352, "y": 96, "originX": 0, "originY": 0},
        {"name": "gem", "id": 170, "_eid": "82797831", "x": 384, "y": 128, "originX": 0, "originY": 0},
        {"name": "gem", "id": 171, "_eid": "82797831", "x": 416, "y": 160, "originX": 0, "originY": 0},
        {"name": "gem", "id": 172, "_eid": "82797831", "x": 384, "y": 192, "originX": 0, "originY": 0},
        {"name": "gem", "id": 173, "_eid": "82797831", "x": 352, "y": 224, "originX": 0, "originY": 0},
        {"name": "gem", "id": 174, "_eid": "82797831", "x": 320, "y": 256, "originX": 0, "originY": 0},
        {"name": "gem", "id": 178, "_eid": "82797831", "x": 256, "y": 224, "originX": 0, "originY": 0},
        {"name": "gem", "id": 179, "_eid": "82797831", "x": 320, "y": 224, "originX": 0, "originY": 0},
        {"name": "gem", "id": 180, "_eid": "82797831", "x": 288, "y": 160, "originX": 0, "originY": 0},
        {"name": "gem", "id": 181, "_eid": "82797831", "x": 256, "y": 128, "originX": 0, "originY": 0},
        {"name": "gem", "id": 182, "_eid": "82797831", "x": 256, "y": 160, "originX": 0, "originY": 0},
        {"name": "gem", "id": 183, "_eid": "82797831", "x": 256, "y": 192, "originX": 0, "originY": 0},
        {"name": "gem", "id": 184, "_eid": "82797831", "x": 288, "y": 224, "originX": 0, "originY": 0},
        {"name": "gem", "id": 185, "_eid": "82797831", "x": 288, "y": 192, "originX": 0, "originY": 0},
        {"name": "gem", "id": 186, "_eid": "82797831", "x": 320, "y": 192, "originX": 0, "originY": 0},
        {"name": "gem", "id": 187, "_eid": "82797831", "x": 352, "y": 192, "originX": 0, "originY": 0},
        {"name": "gem", "id": 188, "_eid": "82797831", "x": 352, "y": 160, "originX": 0, "originY": 0},
        {"name": "gem", "id": 189, "_eid": "82797831", "x": 384, "y": 160, "originX": 0, "originY": 0},
        {"name": "gem", "id": 190, "_eid": "82797831", "x": 320, "y": 160, "originX": 0, "originY": 0},
        {"name": "gem", "id": 191, "_eid": "82797831", "x": 288, "y": 128, "originX": 0, "originY": 0},
        {"name": "gem", "id": 192, "_eid": "82797831", "x": 320, "y": 128, "originX": 0, "originY": 0},
        {"name": "gem", "id": 193, "_eid": "82797831", "x": 352, "y": 128, "originX": 0, "originY": 0},
        {"name": "gem", "id": 194, "_eid": "82797831", "x": 288, "y": 64, "originX": 0, "originY": 0},
        {"name": "gem", "id": 195, "_eid": "82797831", "x": 320, "y": 64, "originX": 0, "originY": 0},
        {"name": "gem", "id": 196, "_eid": "82797831", "x": 288, "y": 256, "originX": 0, "originY": 0}
      ]
    },
    {
      "name": "Tiles",
      "_eid": "69286520",
      "offsetX": 0,
      "offsetY": 0,
      "gridCellWidth": 32,
      "gridCellHeight": 32,
      "gridCellsX": 20,
      "gridCellsY": 20,
      "tileset": "tiles",
      "data": [-1, -1, -1, -1, -1, -1, -1, -1, -1, -1, -1, -1, -1, -1, -1, -1, -1, -1, -1, -1, 2, -1, -1, -1, -1, -1, -1, -1, -1, -1, -1, -1, -1, -1, -1, -1, -1, -1, -1, 2, -1, -1, -1, 2, -1, -1, -1, -1, -1, -1, -1, -1, -1, -1, -1, -1, 18, -1, -1, -1, -1, -1, -1, 18, 18, -1, -1, -1, -1, -1, -1, -1, -1, -1, -1, 18, 2, -1, -1, -1, -1, -1, 18, 2, 2, -1, -1, -1, -1, -1, -1, -1, -1, -1, -1, 2, 18, -1, -1, -1, -1, 18, 18, 18, 2, -1, -1, -1, -1, -1, -1, -1, -1, -1, -1, 18, 2, 18, 2, -1, -1, 18, 2, 5, 6, 7, -1, -1, -1, -1, -1, -1, -1, -1, 5, 6, 6, 7, 18, -1, -1, 5, 6, 14, 4, 13, 7, -1, -1, -1, -1, -1, -1, 5, 14, 4, 3, 13, 7, -1, -1, 10, 4, 3, 4, 3, 12, -1, -1, -1, -1, -1, -1, 10, 3, 4, 4, 4, 12, -1, -1, 10, 3, 4, 4, 4, 13, 7, -1, -1, -1, 5, 6, 14, 4, 3, 4, 3, 12, -1, -1, 10, 1, 4, 3, 1, 4, 13, 6, 6, 6, 14, 3, 1, 3, 1, 4, 1, 12, -1, -1, 15, 9, 1, 4, 1, 1, 19, 1, 1, 19, 1, 1, 19, 1, 1, 3, 1, 12, -1, -1, -1, 15, 9, 1, 1, 19, 1, 3, 1, 4, 19, 1, 1, 1, 1, 1, 8, 17, -1, -1, -1, -1, 10, 19, 1, 1, 4, 19, 1, 1, 1, 1, 19, 1, 8, 16, 17, -1, -1, -1, -1, -1, 15, 16, 9, 1, 1, 1, 1, 1, 3, 1, 8, 16, 17, -1, -1, -1, -1, -1, -1, -1, -1, -1, 15, 16, 16, 16, 16, 16, 16, 16, 17, -1, -1, -1, 18, -1, -1, -1, -1, -1, -1, -1, -1, -1, -1, -1, -1, -1, -1, -1, -1, -1, -1, -1, -1, -1, -1, -1, 2, -1, -1, -1, -1, -1, -1, -1, -1, -1, -1, -1, -1, -1, -1, -1, -1, -1, -1, -1, -1, -1, -1, -1, -1, -1, -1, -1, -1, -1, -1, -1, -1, -1, -1, -1, -1, -1, -1, -1, -1, -1, -1, -1, 18, -1, -1, -1, -1, -1, -1, -1, -1, -1, -1, -1, -1, 2, -1],
      "exportMode": 0,
      "arrayMode": 0
    }
  ]
}