{
  "ogmoVersion": "3.4.0",
  "width": 640,
  "height": 640,
  "offsetX": 0,
  "offsetY": 0,
  "layers": [
    {
      "name": "Enemies",
      "_eid": "69329249",
      "offsetX": 0,
      "offsetY": 0,
      "gridCellWidth": 32,
      "gridCellHeight": 32,
      "gridCellsX": 20,
      "gridCellsY": 20,
      "entities": [
        {"name": "bossJellyfish", "id": 9, "_eid": "19792099", "x": 320, "y": 320, "originX": 0, "originY": 0},
        {"name": "blueJellyfish", "id": 12, "_eid": "69313024", "x": 64, "y": 320, "originX": 0, "originY": 0},
        {"name": "blueJellyfish", "id": 13, "_eid": "69313024", "x": 544, "y": 320, "originX": 0, "originY": 0}
      ]
    },
    {
      "name": "Gems",
      "_eid": "82784887",
      "offsetX": 0,
      "offsetY": 0,
      "gridCellWidth": 32,
      "gridCellHeight": 32,
      "gridCellsX": 20,
      "gridCellsY": 20,
      "entities": [
        {"name": "gem", "id": 0, "_eid": "82797831", "x": 128, "y": 96, "originX": 0, "originY": 0},
        {"name": "gem", "id": 1, "_eid": "82797831", "x": 480, "y": 96, "originX": 0, "originY": 0},
        {"name": "gem", "id": 2, "_eid": "82797831", "x": 192, "y": 224, "originX": 0, "originY": 0},
        {"name": "gem", "id": 4, "_eid": "82797831", "x": 384, "y": 192, "originX": 0, "originY": 0},
        {"name": "gem", "id": 5, "_eid": "82797831", "x": 416, "y": 352, "originX": 0, "originY": 0},
        {"name": "gem", "id": 6, "_eid": "82797831", "x": 512, "y": 416, "originX": 0, "originY": 0},
        {"name": "gem", "id": 7, "_eid": "82797831", "x": 416, "y": 512, "originX": 0, "originY": 0},
        {"name": "gem", "id": 8, "_eid": "82797831", "x": 224, "y": 384, "originX": 0, "originY": 0},
        {"name": "gem", "id": 9, "_eid": "82797831", "x": 192, "y": 544, "originX": 0, "originY": 0},
        {"name": "gem", "id": 10, "_eid": "82797831", "x": 96, "y": 416, "originX": 0, "originY": 0}
      ]
    },
    {
      "name": "Tiles",
      "_eid": "69286520",
      "offsetX": 0,
      "offsetY": 0,
      "gridCellWidth": 32,
      "gridCellHeight": 32,
      "gridCellsX": 20,
      "gridCellsY": 20,
      "tileset": "tiles",
      "data": [2, 18, 18, 18, 2, -1, -1, -1, -1, -1, -1, -1, -1, 10, 1, 1, 19, 1, 1, 1, 18, 18, 2, -1, -1, -1, -1, -1, -1, -1, -1, -1, -1, 15, 9, 1, 1, 1, 1, 3, 18, 18, -1, -1, -1, -1, -1, -1, -1, -1, -1, -1, -1, -1, 15, 16, 16, 9, 1, 1, 18, 2, -1, -1, -1, -1, -1, -1, -1, -1, -1, -1, -1, -1, -1, -1, -1, 15, 9, 1, -1, -1, -1, -1, -1, -1, -1, -1, -1, -1, -1, -1, -1, -1, -1, -1, -1, -1, 15, 16, -1, -1, -1, -1, 2, -1, -1, -1, -1, -1, -1, -1, -1, -1, -1, -1, -1, -1, 2, -1, -1, -1, -1, -1, -1, -1, -1, -1, -1, -1, -1, -1, -1, -1, -1, 18, -1, -1, -1, -1, -1, -1, -1, -1, -1, -1, -1, -1, -1, -1, -1, -1, -1, -1, -1, -1, -1, -1, -1, -1, -1, -1, -1, -1, -1, -1, -1, -1, -1, -1, -1, -1, -1, -1, -1, -1, -1, -1, -1, -1, -1, -1, -1, -1, -1, -1, -1, -1, -1, -1, -1, -1, -1, -1, -1, -1, -1, -1, -1, -1, -1, -1, -1, -1, -1, -1, -1, -1, -1, -1, -1, -1, -1, -1, -1, -1, -1, -1, -1, -1, -1, -1, -1, -1, -1, -1, -1, -1, -1, -1, -1, -1, -1, -1, -1, -1, -1, -1, -1, -1, -1, -1, -1, -1, -1, -1, -1, -1, -1, -1, -1, -1, -1, -1, -1, -1, -1, -1, -1, -1, -1, -1, -1, -1, -1, -1, -1, -1, -1, -1, -1, -1, -1, -1, -1, -1, -1, -1, -1, -1, -1, 18, -1, -1, -1, -1, -1, -1, -1, -1, -1, -1, 2, -1, -1, -1, -1, -1, -1, -1, 6, 6, 7, -1, -1, -1, -1, -1, -1, -1, -1, -1, -1, -1, -1, -1, -1, -1, -1, -1, 1, 1, 13, 7, -1, -1, -1, -1, -1, -1, -1, -1, -1, -1, -1, -1, -1, -1, -1, 18, 1, 1, 1, 13, 6, 7, -1, -1, -1, -1, -1, -1, -1, -1, -1, -1, -1, 18, 2, 18, 4, 1, 1, 19, 1, 12, -1, -1, -1, -1, -1, -1, -1, -1, -1, -1, 18, 2, 18, 18, 1, 1, 3, 1, 1, 12, -1, -1, -1, -1, -1, -1, -1, -1, 18, 18, 2, 18, 18, 2],
      "exportMode": 0,
      "arrayMode": 0
    }
  ]
}