{
  "ogmoVersion": "3.4.0",
  "width": 640,
  "height": 640,
  "offsetX": 0,
  "offsetY": 0,
  "layers": [
    {
      "name": "Enemies",
      "_eid": "69329249",
      "offsetX": 0,
      "offsetY": 0,
      "gridCellWidth": 32,
      "gridCellHeight": 32,
      "gridCellsX": 20,
      "gridCellsY": 20,
      "entities": [
        {"name": "stillJellyfish", "id": 0, "_eid": "13887546", "x": 160, "y": 448, "originX": 0, "originY": 0},
        {"name": "stillJellyfish", "id": 1, "_eid": "13887546", "x": 64, "y": 544, "originX": 0, "originY": 0},
        {"name": "stillJellyfish", "id": 3, "_eid": "13887546", "x": 512, "y": 448, "originX": 0, "originY": 0},
        {"name": "stillJellyfish", "id": 4, "_eid": "13887546", "x": 448, "y": 256, "originX": 0, "originY": 0},
        {"name": "stillJellyfish", "id": 5, "_eid": "13887546", "x": 544, "y": 160, "originX": 0, "originY": 0},
        {"name": "stillJellyfish", "id": 6, "_eid": "13887546", "x": 416, "y": 32, "originX": 0, "originY": 0},
        {"name": "stillJellyfish", "id": 7, "_eid": "13887546", "x": 288, "y": 128, "originX": 0, "originY": 0},
        {"name": "stillJellyfish", "id": 9, "_eid": "13887546", "x": 160, "y": 192, "originX": 0, "originY": 0},
        {"name": "stillJellyfish", "id": 10, "_eid": "13887546", "x": 64, "y": 320, "originX": 0, "originY": 0}
      ]
    },
    {
      "name": "Gems",
      "_eid": "82784887",
      "offsetX": 0,
      "offsetY": 0,
      "gridCellWidth": 32,
      "gridCellHeight": 32,
      "gridCellsX": 20,
      "gridCellsY": 20,
      "entities": [
        {"name": "gem", "id": 0, "_eid": "82797831", "x": 64, "y": 192, "originX": 0, "originY": 0},
        {"name": "gem", "id": 1, "_eid": "82797831", "x": 224, "y": 32, "originX": 0, "originY": 0},
        {"name": "gem", "id": 2, "_eid": "82797831", "x": 416, "y": 128, "originX": 0, "originY": 0},
        {"name": "gem", "id": 3, "_eid": "82797831", "x": 576, "y": 64, "originX": 0, "originY": 0},
        {"name": "gem", "id": 4, "_eid": "82797831", "x": 576, "y": 320, "originX": 0, "originY": 0},
        {"name": "gem", "id": 5, "_eid": "82797831", "x": 416, "y": 512, "originX": 0, "originY": 0},
        {"name": "gem", "id": 6, "_eid": "82797831", "x": 192, "y": 576, "originX": 0, "originY": 0},
        {"name": "gem", "id": 7, "_eid": "82797831", "x": 32, "y": 448, "originX": 0, "originY": 0}
      ]
    },
    {
      "name": "Tiles",
      "_eid": "69286520",
      "offsetX": 0,
      "offsetY": 0,
      "gridCellWidth": 32,
      "gridCellHeight": 32,
      "gridCellsX": 20,
      "gridCellsY": 20,
      "tileset": "tiles",
      "data": [1, 19, 1, 1, 1, 1, 12, -1, -1, -1, -1, -1, -1, -1, -1, -1, -1, -1, -1, -1, 1, 1, 1, 1, 8, 16, 17, -1, -1, -1, -1, -1, -1, -1, -1, -1, -1, -1, -1, -1, 3, 1, 8, 16, 17, -1, -1, -1, -1, -1, -1, -1, -1, -1, -1, 18, -1, -1, -1, -1, 1, 8, 17, -1, -1, -1, -1, 2, -1, -1, -1, -1, -1, -1, -1, -1, -1, -1, -1, -1, 16, 17, -1, -1, -1, -1, -1, -1, -1, -1, -1, -1, -1, -1, -1, -1, -1, -1, -1, -1, -1, -1, -1, -1, -1, -1, -1, -1, -1, -1, -1, -1, -1, -1, -1, -1, -1, -1, -1, -1, -1, -1, -1, -1, -1, -1, -1, 5, 6, 6, 6, 7, -1, -1, -1, -1, -1, -1, -1, -1, -1, -1, -1, -1, -1, -1, 5, 14, 1, 1, 1, 13, 7, -1, -1, -1, -1, -1, -1, -1, -1, -1, -1, -1, -1, -1, 10, 1, 3, 1, 1, 1, 13, 7, -1, -1, -1, 2, -1, -1, -1, -1, -1, -1, -1, -1, 10, 1, 1, 1, 1, 19, 1, 12, -1, -1, -1, -1, -1, -1, -1, -1, -1, -1, -1, -1, 10, 1, 1, 1, 1, 1, 1, 12, -1, -1, -1, -1, -1, -1, -1, -1, -1, -1, -1, -1, 15, 9, 1, 1, 4, 1, 8, 17, -1, -1, -1, -1, -1, -1, -1, -1, -1, 2, -1, -1, -1, 15, 9, 1, 1, 1, 12, -1, -1, -1, -1, -1, -1, -1, -1, -1, -1, -1, -1, -1, -1, -1, 15, 16, 16, 16, 17, -1, -1, -1, -1, -1, 5, 6, -1, -1, -1, -1, -1, -1, -1, -1, -1, -1, -1, -1, -1, -1, -1, -1, -1, 5, 14, 1, -1, -1, -1, -1, -1, -1, -1, -1, -1, -1, -1, -1, -1, -1, -1, -1, -1, 10, 1, 1, -1, -1, -1, -1, -1, -1, -1, -1, -1, -1, -1, -1, -1, -1, -1, -1, 5, 14, 1, 4, -1, -1, -1, -1, -1, -1, -1, -1, -1, -1, -1, -1, -1, -1, -1, -1, 10, 1, 1, 1, -1, -1, -1, -1, -1, -1, -1, -1, -1, -1, -1, -1, 18, -1, -1, 5, 14, 1, 19, 1, -1, -1, 18, -1, -1, -1, -1, -1, -1, -1, -1, -1, -1, -1, -1, 10, 1, 1, 1, 1],
      "exportMode": 0,
      "arrayMode": 0
    }
  ]
}