{
  "ogmoVersion": "3.4.0",
  "width": 640,
  "height": 640,
  "offsetX": 0,
  "offsetY": 0,
  "layers": [
    {
      "name": "Enemies",
      "_eid": "69329249",
      "offsetX": 0,
      "offsetY": 0,
      "gridCellWidth": 32,
      "gridCellHeight": 32,
      "gridCellsX": 20,
      "gridCellsY": 20,
      "entities": [
        {"name": "redJellyfishV", "id": 3, "_eid": "69826549", "x": 512, "y": 96, "originX": 0, "originY": 0},
        {"name": "redJellyfishV", "id": 4, "_eid": "69826549", "x": 128, "y": 512, "originX": 0, "originY": 0},
        {"name": "redJellyfishH", "id": 6, "_eid": "69826071", "x": 352, "y": 288, "originX": 0, "originY": 0},
        {"name": "stillJellyfish", "id": 11, "_eid": "13887546", "x": 224, "y": 448, "originX": 0, "originY": 0},
        {"name": "stillJellyfish", "id": 12, "_eid": "13887546", "x": 384, "y": 480, "originX": 0, "originY": 0},
        {"name": "stillJellyfish", "id": 13, "_eid": "13887546", "x": 224, "y": 128, "originX": 0, "originY": 0},
        {"name": "stillJellyfish", "id": 14, "_eid": "13887546", "x": 384, "y": 192, "originX": 0, "originY": 0},
        {"name": "stillJellyfish", "id": 15, "_eid": "13887546", "x": 448, "y": 512, "originX": 0, "originY": 0},
        {"name": "stillJellyfish", "id": 16, "_eid": "13887546", "x": 448, "y": 448, "originX": 0, "originY": 0},
        {"name": "stillJellyfish", "id": 17, "_eid": "13887546", "x": 160, "y": 96, "originX": 0, "originY": 0},
        {"name": "stillJellyfish", "id": 18, "_eid": "13887546", "x": 160, "y": 160, "originX": 0, "originY": 0}
      ]
    },
    {
      "name": "Gems",
      "_eid": "82784887",
      "offsetX": 0,
      "offsetY": 0,
      "gridCellWidth": 32,
      "gridCellHeight": 32,
      "gridCellsX": 20,
      "gridCellsY": 20,
      "entities": [
        {"name": "gem", "id": 0, "_eid": "82797831", "x": 0, "y": 480, "originX": 0, "originY": 0},
        {"name": "gem", "id": 1, "_eid": "82797831", "x": 512, "y": 480, "originX": 0, "originY": 0},
        {"name": "gem", "id": 2, "_eid": "82797831", "x": 544, "y": 544, "originX": 0, "originY": 0},
        {"name": "gem", "id": 3, "_eid": "82797831", "x": 32, "y": 384, "originX": 0, "originY": 0},
        {"name": "gem", "id": 4, "_eid": "82797831", "x": 96, "y": 192, "originX": 0, "originY": 0},
        {"name": "gem", "id": 5, "_eid": "82797831", "x": 64, "y": 128, "originX": 0, "originY": 0},
        {"name": "gem", "id": 6, "_eid": "82797831", "x": 96, "y": 64, "originX": 0, "originY": 0},
        {"name": "gem", "id": 7, "_eid": "82797831", "x": 608, "y": 64, "originX": 0, "originY": 0},
        {"name": "gem", "id": 8, "_eid": "82797831", "x": 576, "y": 160, "originX": 0, "originY": 0}
      ]
    },
    {
      "name": "Tiles",
      "_eid": "69286520",
      "offsetX": 0,
      "offsetY": 0,
      "gridCellWidth": 32,
      "gridCellHeight": 32,
      "gridCellsX": 20,
      "gridCellsY": 20,
      "tileset": "tiles",
      "data": [1, 1, 12, 18, -1, -1, 10, 4, 1, 1, 19, 1, 12, -1, 2, 10, 19, 1, 12, -1, 1, 8, 17, -1, -1, -1, 10, 1, 1, 8, 16, 16, 17, -1, -1, 10, 1, 8, 17, -1, 1, 12, -1, -1, -1, -1, 15, 16, 16, 17, -1, -1, -1, -1, -1, 15, 16, 17, -1, -1, 3, 12, -1, -1, -1, -1, -1, -1, -1, -1, -1, 18, -1, -1, -1, -1, -1, -1, -1, -1, 1, 12, -1, -1, -1, -1, -1, -1, -1, -1, -1, -1, -1, -1, -1, -1, -1, -1, -1, 2, 1, 13, 7, -1, -1, -1, -1, -1, -1, -1, -1, -1, -1, -1, -1, -1, -1, -1, -1, -1, 1, 1, 12, -1, -1, -1, -1, -1, -1, -1, -1, -1, -1, -1, -1, -1, -1, -1, 5, 6, 4, 1, 13, 6, 6, 6, 7, -1, -1, -1, -1, -1, -1, -1, 5, 6, 6, 6, 14, 1, 1, 1, 1, 1, 1, 1, 12, -1, -1, -1, -1, -1, -1, 5, 14, 1, 1, 1, 4, 1, 1, 19, 1, 1, 1, 1, 12, -1, -1, -1, -1, -1, -1, 10, 1, 1, 19, 1, 1, 1, 1, 1, 1, 1, 3, 8, 17, -1, 2, -1, -1, -1, -1, 10, 1, 1, 1, 1, 1, 1, 16, 16, 9, 1, 1, 12, -1, -1, -1, -1, -1, -1, -1, 15, 9, 1, 1, 4, 1, 1, -1, -1, 15, 16, 16, 17, -1, -1, -1, -1, -1, -1, -1, -1, 15, 16, 9, 1, 1, 3, -1, -1, -1, -1, -1, -1, -1, -1, -1, -1, -1, -1, -1, -1, -1, -1, 10, 1, 1, 1, -1, -1, -1, -1, -1, -1, -1, -1, -1, -1, -1, -1, -1, -1, -1, -1, 15, 9, 1, 19, -1, -1, -1, -1, -1, -1, -1, -1, -1, -1, -1, -1, -1, -1, -1, -1, -1, 15, 9, 1, 6, 7, -1, 18, -1, -1, -1, -1, -1, -1, -1, -1, -1, -1, -1, -1, -1, -1, 10, 1, 1, 13, 7, -1, -1, 5, 6, 6, 6, 6, 7, -1, -1, -1, -1, -1, -1, -1, 10, 1, 1, 1, 12, -1, 5, 14, 1, 1, 19, 1, 13, 6, 6, 7, -1, 2, -1, 5, 14, 1, 3, 1, 12, -1, 10, 1, 3, 1, 1, 1, 1, 4, 1, 12, -1, -1, -1, 10, 1, 1],
      "exportMode": 0,
      "arrayMode": 0
    }
  ]
}