{
  "ogmoVersion": "3.4.0",
  "width": 640,
  "height": 640,
  "offsetX": 0,
  "offsetY": 0,
  "layers": [
    {
      "name": "Enemies",
      "_eid": "69329249",
      "offsetX": 0,
      "offsetY": 0,
      "gridCellWidth": 32,
      "gridCellHeight": 32,
      "gridCellsX": 20,
      "gridCellsY": 20,
      "entities": [
        {"name": "blueJellyfish", "id": 0, "_eid": "69313024", "x": 32, "y": 256, "originX": 0, "originY": 0},
        {"name": "blueJellyfish", "id": 2, "_eid": "69313024", "x": 32, "y": 96, "originX": 0, "originY": 0},
        {"name": "blueJellyfish", "id": 8, "_eid": "69313024", "x": 576, "y": 96, "originX": 0, "originY": 0},
        {"name": "blueJellyfish", "id": 10, "_eid": "69313024", "x": 576, "y": 256, "originX": 0, "originY": 0},
        {"name": "blueJellyfish", "id": 12, "_eid": "69313024", "x": 576, "y": 384, "originX": 0, "originY": 0},
        {"name": "blueJellyfish", "id": 16, "_eid": "69313024", "x": 576, "y": 512, "originX": 0, "originY": 0},
        {"name": "blueJellyfish", "id": 25, "_eid": "69313024", "x": 32, "y": 512, "originX": 0, "originY": 0},
        {"name": "blueJellyfish", "id": 28, "_eid": "69313024", "x": 32, "y": 384, "originX": 0, "originY": 0},
        {"name": "blueJellyfish", "id": 31, "_eid": "69313024", "x": 160, "y": 32, "originX": 0, "originY": 0},
        {"name": "blueJellyfish", "id": 32, "_eid": "69313024", "x": 304, "y": 32, "originX": 0, "originY": 0},
        {"name": "blueJellyfish", "id": 33, "_eid": "69313024", "x": 448, "y": 32, "originX": 0, "originY": 0}
      ]
    },
    {
      "name": "Gems",
      "_eid": "82784887",
      "offsetX": 0,
      "offsetY": 0,
      "gridCellWidth": 32,
      "gridCellHeight": 32,
      "gridCellsX": 20,
      "gridCellsY": 20,
      "entities": [
        {"name": "gem", "id": 0, "_eid": "82797831", "x": 192, "y": 160, "originX": 0, "originY": 0},
        {"name": "gem", "id": 3, "_eid": "82797831", "x": 416, "y": 160, "originX": 0, "originY": 0},
        {"name": "gem", "id": 4, "_eid": "82797831", "x": 160, "y": 384, "originX": 0, "originY": 0},
        {"name": "gem", "id": 6, "_eid": "82797831", "x": 288, "y": 480, "originX": 0, "originY": 0},
        {"name": "gem", "id": 8, "_eid": "82797831", "x": 352, "y": 480, "originX": 0, "originY": 0},
        {"name": "gem", "id": 9, "_eid": "82797831", "x": 416, "y": 448, "originX": 0, "originY": 0},
        {"name": "gem", "id": 10, "_eid": "82797831", "x": 448, "y": 384, "originX": 0, "originY": 0},
        {"name": "gem", "id": 11, "_eid": "82797831", "x": 320, "y": 288, "originX": 0, "originY": 0},
        {"name": "gem", "id": 13, "_eid": "82797831", "x": 256, "y": 480, "originX": 0, "originY": 0},
        {"name": "gem", "id": 14, "_eid": "82797831", "x": 320, "y": 480, "originX": 0, "originY": 0},
        {"name": "gem", "id": 15, "_eid": "82797831", "x": 384, "y": 480, "originX": 0, "originY": 0},
        {"name": "gem", "id": 16, "_eid": "82797831", "x": 288, "y": 288, "originX": 0, "originY": 0},
        {"name": "gem", "id": 17, "_eid": "82797831", "x": 160, "y": 416, "originX": 0, "originY": 0},
        {"name": "gem", "id": 18, "_eid": "82797831", "x": 192, "y": 448, "originX": 0, "originY": 0},
        {"name": "gem", "id": 19, "_eid": "82797831", "x": 224, "y": 480, "originX": 0, "originY": 0},
        {"name": "gem", "id": 20, "_eid": "82797831", "x": 448, "y": 416, "originX": 0, "originY": 0}
      ]
    },
    {
      "name": "Tiles",
      "_eid": "69286520",
      "offsetX": 0,
      "offsetY": 0,
      "gridCellWidth": 32,
      "gridCellHeight": 32,
      "gridCellsX": 20,
      "gridCellsY": 20,
      "tileset": "tiles",
      "data": [3, 1, 19, 1, 12, -1, -1, -1, -1, -1, -1, -1, -1, -1, -1, 10, 1, 19, 1, 1, 1, 1, 8, 16, 17, -1, -1, -1, -1, -1, -1, -1, -1, -1, -1, 15, 9, 1, 4, 1, 16, 16, 17, -1, -1, -1, -1, -1, -1, -1, -1, -1, -1, -1, -1, -1, 15, 16, 16, 16, -1, -1, -1, -1, -1, -1, -1, -1, -1, -1, -1, -1, -1, -1, -1, -1, -1, -1, -1, -1, -1, -1, -1, -1, -1, -1, -1, -1, -1, -1, -1, -1, -1, -1, -1, -1, -1, -1, -1, -1, -1, -1, -1, -1, -1, -1, -1, -1, -1, -1, -1, -1, -1, -1, -1, -1, -1, -1, -1, -1, -1, -1, -1, -1, -1, -1, -1, -1, -1, -1, -1, -1, -1, -1, -1, -1, -1, -1, -1, -1, -1, -1, -1, -1, -1, -1, -1, -1, -1, -1, -1, -1, -1, -1, -1, -1, -1, -1, -1, -1, -1, -1, -1, -1, -1, -1, -1, -1, -1, -1, -1, -1, -1, -1, -1, -1, -1, -1, -1, -1, -1, -1, -1, -1, -1, -1, -1, -1, -1, -1, -1, -1, -1, -1, -1, -1, -1, -1, -1, -1, -1, -1, -1, -1, -1, -1, -1, -1, -1, -1, -1, -1, -1, -1, -1, -1, -1, -1, -1, -1, -1, -1, -1, -1, -1, -1, -1, -1, -1, -1, -1, -1, -1, -1, -1, -1, -1, -1, -1, -1, -1, -1, -1, -1, -1, -1, -1, -1, -1, -1, -1, -1, -1, -1, -1, -1, -1, -1, -1, -1, -1, -1, -1, -1, -1, -1, -1, -1, -1, -1, -1, -1, -1, -1, -1, -1, -1, -1, -1, -1, -1, -1, -1, -1, -1, -1, -1, -1, -1, -1, -1, -1, -1, -1, -1, -1, -1, -1, -1, -1, -1, -1, -1, -1, -1, -1, -1, -1, -1, -1, -1, -1, -1, -1, -1, -1, -1, -1, -1, -1, -1, -1, -1, -1, -1, -1, -1, -1, -1, -1, -1, -1, -1, -1, -1, -1, -1, -1, -1, -1, 6, 6, 6, 7, -1, -1, -1, -1, -1, -1, -1, -1, -1, -1, -1, 5, 6, 6, 6, 6, 1, 4, 1, 13, 6, 6, 7, -1, -1, -1, -1, -1, -1, 5, 6, 14, 1, 3, 1, 19, 19, 1, 1, 1, 3, 1, 12, -1, -1, -1, -1, -1, -1, 10, 1, 1, 19, 1, 1, 1],
      "exportMode": 0,
      "arrayMode": 0
    }
  ]
}